sub_id,sub_summarized,sub_from,sub_text,sub_root,sub_length,com_id,com_summarized,com_text,com_length
5lcee8,1,title,My NYE has been ruined so far by a bank robbery.,ruin,12,dbumpog,1,Stay safe though.,4
5lce7x,0,title,How are you celebrating your news year eve?,celebrate,9,dbumrm1,1,HOORAY!,2
5lce7x,0,title,How are you celebrating your news year eve?,celebrate,9,dbun0y4,1,Hope that you're having a nice time too.,10
5lce7x,0,title,How are you celebrating your news year eve?,celebrate,9,dbundan,1,Happy new year!,4
5lce7x,0,title,How are you celebrating your news year eve?,celebrate,9,dbuo77q,1,Going on a yacht in marina del ray.,9
5lce7x,0,title,How are you celebrating your news year eve?,celebrate,9,dburyki,1,"Just like any other occassion in the Philippines, celebrated it with family... and with a feast.",19
5lce7x,0,title,How are you celebrating your news year eve?,celebrate,9,dbusf58,1,Read more--I used to read a lot.,10
5lce7x,0,title,How are you celebrating your news year eve?,celebrate,9,dbusyy1,1,"Hanging out in my apartment in bed, enjoying my quiet time and saving my money.",17
5lbz35,0,title,"After 18 months of hard work, studying, writing, reading, and preparation, I have finally submitted all of my graduate school applications.",submit,27,dbuqe1q,1,"I'm starting my graduate program in August, an online program for a Masters in Library and Information Sciences out of Drexel University.",25
5lby1s,0,title,What language should I take in college next year?,take,10,dbuuywm,1,"But honestly, follow your instincts.",7
5lby1s,0,title,What language should I take in college next year?,take,10,dbuz1be,1,"Language courses won't enable you to learn the entire language, and you NEED practice to learn.",19
5lbgw5,1,selftext,Abandon any negative sentiments.,abandon,5,dbuywsm,1,New year's resolutions are crap.,7
5lbgw5,1,selftext,Abandon any negative sentiments.,abandon,5,dbuyxn6,0,Six figures.,3
5lbezd,1,selftext,Please share if you too achieved something without much effort but simply by consistently spending an hour or two a day.,share,22,dbuqcrc,1,made a book count so i could see how many books i could read in a year.,18
5lb4t5,0,title,Anyone else spending way too much money lately?,spend,9,dbusjs9,1,Yes.,2
5lb4t5,0,title,Anyone else spending way too much money lately?,spend,9,dbuz10d,1,I am in no position to be spending way too much money.,13
5lb44z,0,selftext,I really feel a strong urge not to drink this year,feel,11,dbuq2yl,1,"Stay strong, friend.",5
5lam6v,1,title,Please keep me company.,keep,5,dbur9wo,0,What's the number one thing you're looking forward to in 2017?,14
5lalwg,0,title,Anyone else find forums really hard to navigate and understand?,find,11,dbuz23p,1,By far the worst forum layout that I have ever come across was 4chan.,15
5l9xka,0,title,Don't worry if you are spending New year alone,worry,10,dbuo649,1,Ugh thanks for posting this!,6
5l9xka,0,title,Don't worry if you are spending New year alone,worry,10,dbuoxgb,1,"I'm spending New Year's by myself, mostly by choice.",13
5l9xka,0,title,Don't worry if you are spending New year alone,worry,10,dburm2p,1,"I've been bummed lately, most days are better than others, but the bad ones are *bad*.",22
5l9xka,0,title,Don't worry if you are spending New year alone,worry,10,dbusi27,1,Fellow alone person checking in.,6
5l9xka,0,title,Don't worry if you are spending New year alone,worry,10,dbuuf1h,1,"I kind of wish I'd gone out to do stuff, but I'm too sore from doing stuff yesterday.",22
5l9xka,0,title,Don't worry if you are spending New year alone,worry,10,dbuw38y,1,I'm on vacation and my whole family is already asleep.,12
5l9xka,0,title,Don't worry if you are spending New year alone,worry,10,dbux4yo,0,"I often stay at home for NYE because I'm kind of a social disaster, but I have a valid excuse this year: I'm sick with an upper respiratory thing.",34
5l9lyb,0,title,Does anyone else dislike the idea of having to spend your free time wisely?,dislike,15,dbv37ln,1,One that helps is to study somewhere your parents can see you.,13
5l8otq,0,title,I just realized a view I had about myself was wrong.,realize,12,dbv3joz,1,It's a weird thing to go through life thinking you're this terrible broken person and then thinking maybe you're not.,24
5l3wj1,0,title,"Hey CC, whats your favorite song right now?",s,11,dbwg9pi,0,"Good drank - 2 Chainz, Gucci mane",8
5l3q41,0,title,How do I reassign a key on my keyboard with another one not included in my current keyboard layout?,reassign,20,dbuo53y,1,Check out the wiki for info,6
5l3c40,0,title,"Weekend Chit Chat - Time to sit back, grab a cup of coffee, relax and chat about anything really.",grab,22,dbuw16i,1,Tonight it's New Year's Eve and my wife and kids are already asleep.,16
5l3c40,0,title,"Weekend Chit Chat - Time to sit back, grab a cup of coffee, relax and chat about anything really.",grab,22,dbw171h,0,"Has anybody read Me, Earl, and the Dying Girl?",12
5ks1eb,0,title,Challenge suggestions needed!,need,4,dc44okl,0,20 - Drink a whole bottle of absinthe.,9
5ks1eb,0,title,Challenge suggestions needed!,need,4,dikwy8x,0,BB pellet challenge,3
5kmld7,0,title,How old do you look like?,look,7,dbyoj3h,1,Else I'd be quite offended!,7
5kkc3a,1,selftext,Currently celebrating the good news by relaxing and smoking a favorite cigar at the cigar lounge!,celebrate,17,dbwzk0a,1,Congrats!,2
5kabg9,0,title,"I did not get any presents for Christmas, so my niece gifted me her favorite plushy.",gift,18,dc1dyq7,1,"Also I think you mentioned you got gifts for everyone, why?",13
5kabg9,0,title,"I did not get any presents for Christmas, so my niece gifted me her favorite plushy.",gift,18,dc252k7,0,"It sucks that your family doesn't like you, but at least your niece has some compassion!",19
5k6omm,0,title,I bought a puppy today :),buy,6,dc44tan,1,Cute Puppy!,3
5joqk3,0,title,I'm wearing my retainer tonight for the first time in like...,wear,13,dct30mh,0,"The struggle is real, good luck!!!",10
5j08wh,0,title,What do you hate about yourself?,hate,7,dibzuua,1,I can barely talk to people without panicking.,9
5ifi1x,0,title,"When you lay in bed at night, what do you think about before you fall asleep?",think,18,dbwq1jg,0,Orthodox Tights,2
5i5mfe,1,selftext,I loved this show called code lyoko as a kid.,love,11,dci6r9u,0,Lazy town all the fucking way even tho im still fat af,13
5hep8h,0,title,What do you season your popcorn with?,season,8,dd4dpyl,1,Freshly ground red pebbercorns and salt as seasoning.,9
5fsgya,1,selftext,"I don't mean the ones you get on survey websites, but actual research surveys, ones created by people at University and so on.",mean,27,ddeakf9,1,I think one can often learn things about what one thinks oneself as a result.,16
5f4wrv,1,selftext,I genuinely feel like ive lost my best friend.,feel,11,ddlzb9r,0,He persists in my memory to this day.,9
5ey7zs,0,title,I'll give you life advice based on your post history,give,11,dbzt1km,0,Am I too late to the party?,8
5ey7zs,0,title,I'll give you life advice based on your post history,give,11,de2h1vl,0,I want life advice!!!,7
5e30r8,0,title,I just got my UK settlement visa!,get,8,dd500ca,1,How long did it take to get your visa approved?,11
5dmop1,0,title,How much do you read?,read,6,dgdqnja,1,"I read about 3-4 books per month, both ebooks and physical books.",16
5awgsu,0,title,Anyone else find it hypocritical when nerds mock people for liking sports?,find,13,debk9ng,0,If you really like sports you might as well be a sports nerd,13
5anyge,1,title,I just pre-emptively bought a wedding dress.,buy,10,dbzvvzk,1,Lol.,2
59rafo,0,title,My favorite teacher and one of the best persons I have ever met has been fired from my high school.,fire,21,dbze27z,1,I love this happy ending.,6
55keyj,0,selftext,How do you deal with it?,deal,7,dcwj1jl,0,Meeting & talking to people online ðŸ˜Š,7
54kgrn,0,title,I love this Japanese band and I got nowhere else to talk about them,love,14,dc20kqd,1,Long Live the Japanese scene!!!,8
54kgrn,0,title,I love this Japanese band and I got nowhere else to talk about them,love,14,dc20ok0,1,"This music makes me feel light, jumpy, energetic.",11
539irb,1,selftext,I don't really care about much but this really grinds my gears.,care,14,de08pei,1,I hate when cars stop.,6
527dgp,0,title,Anyone else feel walled in by all the targeted content out there?,feel,13,dbuo0qe,1,Oh well.,3
525fza,0,title,My cat that went missing 6 years ago has been found!,find,12,dbz0ox5,1,That's quite the amazing story!,7
51qxh2,1,selftext,"Earlier this year, I picked up a ""cheaper,"" double-wall insulated steel water bottle from Amazon to replace my Nalgene, which always tasted like plastic or soap.",pick,34,dehvel6,1,I bought a hat that I wear from time to time.,12
50ya8p,1,title,Would you travel?,travel,4,dc9ec7n,0,"Around the World in 80 Days is my all time favourite novel and it is my life-long ambition to follow in the footsteps of Phileas Fogg, but who wants to do it alone?",37
50mj2d,0,title,I kind of hate today's rap music,hate,8,dcvb5mp,0,I feel you brother Go check out Conflicts new song on youtube just type in conflict devils door,18
4ze20k,1,title,"I can't watch shows like ""The Office"" because I get too embarrassed for the characters.",watch,19,dbx20a3,1,someone finally gets it!,5
4ze20k,1,title,"I can't watch shows like ""The Office"" because I get too embarrassed for the characters.",watch,19,dc6qxsl,1,"""Peep Show"" gets me every time.",9
4ypvyx,1,selftext,"For me, I usually get a small thing of regular pringles, jalapeno smokehouse almonds, lipton sparkling raspberry iced tea/Mango Jarritos, and a pack of spearmint Icebreakers.",get,33,dc5dmfn,0,JalepeÃ±o or salt n vinegar chips and a tamarind jarritos,10
4vkgnz,0,title,Tell me what to draw!,tell,6,dc08ifx,0,Adolph Hitler blissfully tending his garden,6
4sfco1,0,title,"Do you ever ask yourself ""Will I ever find true love?""",ask,14,dbz8074,1,"One day, hopefully and I know this sounds cheesy, but I feel like the person I end up loving is thinking the same thing.",27
